[
  {
    "day": 1,
    "title": "The Shift Begins",
    "message": "Something unseen moves in your favor today. Pay attention to the small signs.",
    "affirmation": "I am aligned with new beginnings.",
    "image_prompt": "cosmic nebula swirl, purple-blue energy, glowing particles, universe shift"
  },
  {
    "day": 2,
    "title": "Light Through the Veil",
    "message": "Clarity slips through a space you thought was closed. Accept it.",
    "affirmation": "I welcome the truth gently.",
    "image_prompt": "soft cosmic light breaking through star clouds, ethereal veil"
  },
  {
    "day": 3,
    "title": "The Calling",
    "message": "A subtle pull guides you toward something meaningful. Follow curiosity.",
    "affirmation": "I trust where I am drawn.",
    "image_prompt": "cosmic hand-like nebula reaching out, deep space energy"
  },
  {
    "day": 4,
    "title": "Echo of Potential",
    "message": "Today echoes a possibility you’ve forgotten. Listen.",
    "affirmation": "I honor my hidden strengths.",
    "image_prompt": "glowing sphere of potential, star fractals, blue-gold aura"
  },
  {
    "day": 5,
    "title": "Celestial Alignment",
    "message": "The universe aligns one opportunity in your path today—notice the timing.",
    "affirmation": "I am ready for aligned opportunities.",
    "image_prompt": "galaxies in alignment, cosmic beams, harmonic energy"
  },
  {
    "day": 6,
    "title": "The Quiet Signal",
    "message": "A quiet intuition speaks louder than noise. Trust the whisper.",
    "affirmation": "I hear my intuition clearly.",
    "image_prompt": "faint glowing cosmic signal, dark space, subtle light ripples"
  },
  {
    "day": 7,
    "title": "Door of Possibility",
    "message": "A door you feared was locked opens with ease today.",
    "affirmation": "I walk confidently into possibility.",
    "image_prompt": "cosmic doorway of light, stars flowing through"
  },
  {
    "day": 8,
    "title": "Rising Frequency",
    "message": "Your energy rises today; don’t dim it to match others.",
    "affirmation": "I allow myself to rise.",
    "image_prompt": "upward spiraling cosmic energy, radiant colors"
  },
  {
    "day": 9,
    "title": "Infinite Pulse",
    "message": "You feel connected today — to yourself, others, and the infinite.",
    "affirmation": "I am part of something vast and beautiful.",
    "image_prompt": "pulsing starcore, universe heartbeat, glowing waves"
  },
  {
    "day": 10,
    "title": "The Breakthrough",
    "message": "A mental block dissolves today — clarity arrives suddenly.",
    "affirmation": "I am open to breakthroughs.",
    "image_prompt": "cosmic explosion of light, cracked space opening"
  },
  {
    "day": 11,
    "title": "Starlit Assurance",
    "message": "Your doubts soften today; the universe reassures you quietly.",
    "affirmation": "I move with trust, not fear.",
    "image_prompt": "gentle cosmic glow, soft starlight falling"
  },
  {
    "day": 12,
    "title": "Inner Orbit",
    "message": "Return to yourself today — your center holds your power.",
    "affirmation": "I orbit around peace.",
    "image_prompt": "circular energy orbit, glowing center, peaceful cosmos"
  },
  {
    "day": 13,
    "title": "Cosmic Acceptance",
    "message": "Something you resisted becomes easier once you accept it.",
    "affirmation": "I accept what is and move forward.",
    "image_prompt": "cosmic waves of surrender, calming blue & gold space"
  },
  {
    "day": 14,
    "title": "Celestial Insight",
    "message": "Understanding comes today in pieces — let them form naturally.",
    "affirmation": "I receive wisdom patiently.",
    "image_prompt": "fragmented cosmic crystal, stars reflecting insight"
  },
  {
    "day": 15,
    "title": "The Universal Yes",
    "message": "Today, the universe quietly agrees with something you desire.",
    "affirmation": "I am supported in my desires.",
    "image_prompt": "golden cosmic affirmation light, expanding halo"
  },
  {
    "day": 16,
    "title": "Resonance Rising",
    "message": "What resonates with you will feel louder today — follow resonance.",
    "affirmation": "I choose what matches my energy.",
    "image_prompt": "vibrating cosmic rings, harmony vibrations, star ripples"
  },
  {
    "day": 17,
    "title": "Path of Ease",
    "message": "A simpler route appears today — choose the one without resistance.",
    "affirmation": "I allow life to be easy.",
    "image_prompt": "glowing path through stars, smooth cosmic corridor"
  },
  {
    "day": 18,
    "title": "Nebula of Ideas",
    "message": "Creativity stirs in unexpected ways — write down your spark.",
    "affirmation": "I am open to inspiration.",
    "image_prompt": "swirling nebula of inspiration, bright idea lights in space"
  },
  {
    "day": 19,
    "title": "Gravity of Truth",
    "message": "Something true pulls you closer today — don’t avoid it.",
    "affirmation": "I move toward honesty.",
    "image_prompt": "gravitational cosmic pull, dense starcore, truth gravity field"
  },
  {
    "day": 20,
    "title": "Starpath Ahead",
    "message": "A long-term vision becomes clearer today — trust the glimpse.",
    "affirmation": "I honor my future self.",
    "image_prompt": "long cosmic road of stars, future shining at end"
  },
  {
    "day": 21,
    "title": "Universal Permission",
    "message": "Today, you are allowed to release what no longer serves you.",
    "affirmation": "I let go with ease.",
    "image_prompt": "cosmic dust dispersing, release energy, freedom vibe"
  },
  {
    "day": 22,
    "title": "Celestial Gratitude",
    "message": "Gratitude amplifies everything today — let it flow.",
    "affirmation": "I am grateful for my journey.",
    "image_prompt": "warm golden cosmic glow, stars responding to gratitude"
  },
  {
    "day": 23,
    "title": "Whisper of Destiny",
    "message": "Something faint but meaningful nudges your path.",
    "affirmation": "I notice subtle signs.",
    "image_prompt": "soft cosmic whisper wave, destiny thread, thin starlines"
  },
  {
    "day": 24,
    "title": "The Awakening",
    "message": "A part of you that was sleeping wakes up today.",
    "affirmation": "I awaken to my potential.",
    "image_prompt": "emerging cosmic light, awakening aura"
  },
  {
    "day": 25,
    "title": "Quantum Flow",
    "message": "Today is a great day for aligned action — small steps matter.",
    "affirmation": "I move with universal flow.",
    "image_prompt": "flowing cosmic currents, quantum wave energy"
  },
  {
    "day": 26,
    "title": "Portal of Change",
    "message": "A shift in your outer world matches a shift inside you.",
    "affirmation": "I embrace change.",
    "image_prompt": "cosmic portal opening, bright transformation light"
  },
  {
    "day": 27,
    "title": "Sacred Timing",
    "message": "Something happens today exactly when it should — trust the timing.",
    "affirmation": "I am patient and aligned.",
    "image_prompt": "cosmic clock, divine timing gears, star particles"
  },
  {
    "day": 28,
    "title": "Celestial Protection",
    "message": "You are energetically protected today — move with confidence.",
    "affirmation": "I am safe and guided.",
    "image_prompt": "protective cosmic shield, glowing guardian light"
  },
  {
    "day": 29,
    "title": "The Inner Star",
    "message": "Your inner light shines brighter today — let it show.",
    "affirmation": "I am a source of light.",
    "image_prompt": "star emerging from within a silhouette, glowing cosmic aura"
  },
  {
    "day": 30,
    "title": "Universal Blessing",
    "message": "A blessing finds you today — in a form you don’t expect.",
    "affirmation": "I am open to unexpected blessings.",
    "image_prompt": "blessing-like cosmic shower, light raining from above, peaceful universe"
  }
]